"Timestamp","","How many people would you like to share the room with?","Would you like to have a room along with food facilities?","How much would you like to spend on the room?","How much would you like to spend on the room?","Would you like to have a room along with food facilities?","How much would you like to spend on the room?","How much would you like to spend on the room?","Would you like to have a room along with food facilities?","How much would you like to spend on the room?","How much would you like to spend on the room?","How much would you like to spend on the room?","Do you own a vehicle?","How far would you like to have your room from the college?","How far would you like to have your room from the college?","Which is your preferred mode of public transportation?"
"2019/10/21 11:30:43 pm GMT+5:30","Vaibhav","None","","","","Yes","7000 per month/","","","","","","Yes","Within 1km","","Trin - Trin"
"2019/10/21 11:30:45 pm GMT+5:30","Adarsh","1","No","","4500","","","","","","","","No","","Within 2km","Bus"
"2019/10/21 11:37:36 pm GMT+5:30","Vikram","2-3","","","","","","","YES","5000","","","No","","Within 1km","Bus"
"2019/10/21 11:39:02 pm GMT+5:30","Sumukh Vasisht S ","None","","","","Yes","7000 per month/","","","","","","Yes","Within 3km","","Cab/auto"
"2019/10/21 11:39:05 pm GMT+5:30","Shithij","None","","","","Yes","7000 per month/","","","","","","Yes","Within 1km","","2 wheeler"
"2019/10/21 11:39:14 pm GMT+5:30","Ankit anuj","2-3","","","","","","","YES","5000","","","Yes","Within 1km","","Bus"
"2019/10/21 11:41:17 pm GMT+5:30","Saptarshi Paul","1","Yes","5000 per month/","","","","","","","","","Yes","Within 1km","","Bus"
"2019/10/21 11:41:44 pm GMT+5:30","Abhishek","1","Yes","6000 per month/","","","","","","","","","No","","Within 1km","Bus"
"2019/10/21 11:43:26 pm GMT+5:30","Raghav Sharma","1","Yes","5000 per month/","","","","","","","","","No","","Within 1km","Bus"
"2019/10/21 11:44:21 pm GMT+5:30","Luis Da Costa","1","Yes","6000 per month/","","","","","","","","","Yes","Within 5km","","Bus"
"2019/10/21 11:46:38 pm GMT+5:30","Sushma","2-3","","","","","","","NO","","3000","","Yes","Within 1km","","Bus"
"2019/10/21 11:49:34 pm GMT+5:30","Vaishnavi p","2-3","","","","","","","YES","5000","","","No","","Within 1km","May be by walk"
"2019/10/21 11:53:09 pm GMT+5:30","Shetty","None","","","","Yes","7000 per month/","","","","","","No","","Within 1km","Bus"
"2019/10/21 11:53:30 pm GMT+5:30","Manjula","1","No","","3000","","","","","","","","No","","Within 1km","Metro"
"2019/10/21 11:53:42 pm GMT+5:30","Shashi","4-5","","","","","","","","","","1500 - 2500","No","","Within 1km","Bus"
"2019/10/21 11:58:15 pm GMT+5:30","Ayan","2-3","","","","","","","YES","6000","","","No","","Within 3km","Trin - Trin"
"2019/10/21 11:58:56 pm GMT+5:30","Vishwa","1","Yes","5000 per month/","","","","","","","","","Yes","Within 1km","","Bus"
"2019/10/22 12:02:48 am GMT+5:30","Adarsh power of attorney for the day and time works for you and I'll make sure to get the National Institute of Engineering I will be there any time that works for you and I'll make sure to get the National Institute of","None","","","","Yes","7000 per month/","","","","","","No","","Within 1km","Metro"
"2019/10/22 12:08:22 am GMT+5:30","Happy","None","","","","Yes","7000 per month/","","","","","","No","","Within 3km","Bus"
"2019/10/22 12:11:51 am GMT+5:30","Ddffd","4-5","","","","","","","","","","1500 - 2500","No","","Within 3km","Trin - Trin"
"2019/10/22 12:12:13 am GMT+5:30","Vasudha","1","Yes","5000 per month/","","","","","","","","","No","","Within 1km","Metro"
"2019/10/22 12:13:22 am GMT+5:30","Vasudha","None","","","","Yes","7000 per month/","","","","","","No","","Within 1km","By walk"
"2019/10/22 12:16:48 am GMT+5:30","Karthik","2-3","","","","","","","YES","5000","","","Yes","Within 1km","","Bus"
"2019/10/22 12:20:49 am GMT+5:30","Melissa samson","None","","","","Yes","7000 per month/","","","","","","Yes","Within 1km","","Bus"
"2019/10/22 12:21:24 am GMT+5:30","Siddhant","1","No","","3000","","","","","","","","No","","Within 1km","Trin - Trin"
"2019/10/22 12:29:22 am GMT+5:30","Aditya ","1","No","","3000","","","","","","","","No","","Within 1km","Bus"
"2019/10/22 12:29:43 am GMT+5:30","Anantha Krishna","1","Yes","6000 per month/","","","","","","","","","Yes","Within 5km","","Two wheeler"
"2019/10/22 12:35:33 am GMT+5:30","Aneesh S Bhat ","2-3","","","","","","","YES","5000","","","No","","Within 2km","Trin - Trin"
"2019/10/22 5:14:10 am GMT+5:30","Anjana","1","Yes","6000 per month/","","","","","","","","","No","","Within 1km","Auto"
"2019/10/22 6:44:45 am GMT+5:30","Priya","2-3","","","","","","","YES","5000","","","No","","Within 1km","Auto"
"2019/10/22 6:47:49 am GMT+5:30","Shravya ","None","","","","Yes","7000 per month/","","","","","","Yes","Within 1km","","Cab "
"2019/10/22 6:56:39 am GMT+5:30","Meghana Prakash","2-3","","","","","","","YES","5000","","","Yes","Within 5km","","Metro"
"2019/10/22 6:59:23 am GMT+5:30","Abhishek V","2-3","","","","","","","NO","","3000","","No","","Within 3km","Bus"
"2019/10/22 7:00:38 am GMT+5:30","Dishan Devaiah","1","Yes","5000 per month/","","","","","","","","","No","","Within 2km","Metro"
"2019/10/22 7:01:36 am GMT+5:30","Pradhyumna","1","Yes","5000 per month/","","","","","","","","","No","","Within 2km","Trin - Trin"
"2019/10/22 7:17:39 am GMT+5:30","Arun","4-5","","","","","","","","","","2500 - 3000","Yes","Within 5km","","Bike"
"2019/10/22 7:20:24 am GMT+5:30","Sheshadri ","None","","","","Yes","7000 per month/","","","","","","No","","Within 1km","Bus"
"2019/10/22 7:25:22 am GMT+5:30","Suhas","2-3","","","","","","","YES","5000","","","No","","Within 3km","Bus"
"2019/10/22 7:42:12 am GMT+5:30","Aditya kk","2-3","","","","","","","YES","5000","","","No","","Within 2km","Trin - Trin"
"2019/10/22 7:42:57 am GMT+5:30","Shreevatsa N","2-3","","","","","","","NO","","3000","","Yes","Within 3km","","Metro"
"2019/10/22 7:44:56 am GMT+5:30","Hemanth Kumar Reddy P","2-3","","","","","","","YES","5000","","","No","","Within 1km","Metro"
"2019/10/22 7:44:58 am GMT+5:30","Kiran Kumar","None","","","","Yes","7000 per month/","","","","","","Yes","Within 1km","","Metro"
"2019/10/22 8:02:21 am GMT+5:30","Vighnesh k'pur","2-3","","","","","","","YES","5000","","","No","","Within 1km","Bus"
"2019/10/22 8:15:40 am GMT+5:30","Pooja S K","1","Yes","5000 per month/","","","","","","","","","Yes","Within 1km","","Metro"
"2019/10/22 8:24:08 am GMT+5:30","Vijeth ","1","Yes","5000 per month/","","","","","","","","","Yes","Within 3km","","Bike"
"2019/10/22 8:37:40 am GMT+5:30","Varun Bheemaiah","None","","","","Yes","8000 per month/","","","","","","Yes","Within 3km","","Scooter"
"2019/10/22 8:42:05 am GMT+5:30","Hkk","4-5","","","","","","","","","","1500 - 2500","No","","Within 2km","Trin - Trin"
"2019/10/22 8:44:26 am GMT+5:30","Anil","2-3","","","","","","","YES","5000","","","No","","Within 1km","Bus"
"2019/10/22 8:46:30 am GMT+5:30","Amit Deb","4-5","","","","","","","","","","2500 - 3000","Yes","Within 1km","","Metro"
"2019/10/22 9:01:16 am GMT+5:30","Sudhakar Reddy","1","Yes","5000 per month/","","","","","","","","","Yes","Within 3km","","Bus"
"2019/10/22 9:12:02 am GMT+5:30","Anusha.S","2-3","","","","","","","YES","5000","","","No","","Within 2km","Bus"
"2019/10/22 9:45:04 am GMT+5:30","Christopher A","None","","","","Yes","7000 per month/","","","","","","Yes","Within 7km","","Metro"
"2019/10/22 10:29:15 am GMT+5:30","Aditya","2-3","","","","","","","YES","5000","","","Yes","Within 1km","","Bus"
"2019/10/22 10:31:54 am GMT+5:30","Aditya","1","Yes","5000 per month/","","","","","","","","","Yes","Within 1km","","Bus"
"2019/10/22 11:44:49 am GMT+5:30","Sumukha M","1","No","","3000","","","","","","","","Yes","Within 1km","","Bus"
"2019/10/22 11:44:56 am GMT+5:30","Akash","2-3","","","","","","","YES","5000","","","Yes","Within 3km","","Bus"
"2019/10/22 11:56:41 am GMT+5:30","Raki","None","","","","Yes","7000 per month/","","","","","","Yes","Within 3km","","Metro"
"2019/10/22 12:29:23 pm GMT+5:30","Maama ","4-5","","","","","","","","","","1500 - 2500","Yes","Within 1km","","Metro"
"2019/10/22 12:35:16 pm GMT+5:30","Revanth U Karanth","1","Yes","5000 per month/","","","","","","","","","Yes","Within 1km","","Bike"
"2019/10/22 12:41:35 pm GMT+5:30","MkCGABBAR","4-5","","","","","","","","","","1500 - 2500","No","","Within 1km","Bus"
"2019/10/22 1:01:25 pm GMT+5:30","Achutha Vyas","4-5","","","","","","","","","","1500 - 2500","Yes","Within 3km","","Bus"
"2019/10/22 1:46:34 pm GMT+5:30","Shashank k ","1","Yes","5000 per month/","","","","","","","","","Yes","Within 1km","","Trin - Trin"
"2019/10/22 3:13:11 pm GMT+5:30","Punith","None","","","","No","","4500","","","","","Yes","Within 1km","","Metro"
"2019/10/22 3:26:12 pm GMT+5:30","VSS","4-5","","","","","","","","","","1500 - 2500","No","","Within 1km","Natraja service "
"2019/10/22 4:16:13 pm GMT+5:30","Sagar ","2-3","","","","","","","NO","","3000","","No","","Within 1km","Trin - Trin"
"2019/10/22 4:17:42 pm GMT+5:30","   D","None","","","","Yes","7000 per month/","","","","","","Yes","Within 7km","","D g vvvb"
"2019/10/22 4:32:15 pm GMT+5:30","Dheeraj B S","2-3","","","","","","","NO","","3000","","Yes","Within 1km","","Metro"
"2019/10/22 4:38:30 pm GMT+5:30","Navami v m","2-3","","","","","","","NO","","3500","","No","","Within 1km","Bus"
"2019/10/22 4:44:13 pm GMT+5:30","Pawan Shahi","None","","","","No","","4500","","","","","Yes","Within 3km","","Trin - Trin"
"2019/10/22 4:46:06 pm GMT+5:30","Lalith Kumar","None","","","","Yes","8000 per month/","","","","","","Yes","Within 7km","","Trin - Trin"
"2019/10/22 4:46:54 pm GMT+5:30","Gilson James Fernandes","2-3","","","","","","","YES","5000","","","No","","Within 1km","Bus"
"2019/10/22 4:47:20 pm GMT+5:30","Varun TV","None","","","","Yes","7000 per month/","","","","","","Yes","Within 5km","","Bike"
"2019/10/22 4:47:50 pm GMT+5:30","Soumya","None","","","","Yes","7000 per month/","","","","","","Yes","Within 3km","","Bus"
"2019/10/22 4:51:58 pm GMT+5:30","Yue Chang Ling","1","Yes","6000 per month/","","","","","","","","","Yes","Within 3km","","Auto"
"2019/10/22 4:53:18 pm GMT+5:30","Mithun M","1","Yes","6000 per month/","","","","","","","","","Yes","Within 1km","","Bus"
"2019/10/22 5:00:40 pm GMT+5:30","Ashwini Hiremath","None","","","","Yes","7000 per month/","","","","","","No","","Within 1km","Metro"
"2019/10/22 5:03:19 pm GMT+5:30","Raghottam Joshi","2-3","","","","","","","YES","5000","","","No","","Within 2km","Pada-yatra"
"2019/10/22 5:07:02 pm GMT+5:30","Abhi","None","","","","Yes","8000 per month/","","","","","","Yes","Within 5km","","Auto"
"2019/10/22 5:07:10 pm GMT+5:30","Abhi","None","","","","Yes","8000 per month/","","","","","","Yes","Within 5km","","Auto"
"2019/10/22 5:07:25 pm GMT+5:30","Abhi","None","","","","Yes","8000 per month/","","","","","","Yes","Within 5km","","Auto"
"2019/10/22 5:08:31 pm GMT+5:30","Bhumika","2-3","","","","","","","NO","","3000","","No","","Within 1km","Bus"
"2019/10/22 5:13:43 pm GMT+5:30","Priya Agarwal","1","Yes","5000 per month/","","","","","","","","","No","","Within 1km","Metro"
"2019/10/22 5:13:48 pm GMT+5:30","Rahul m s ","1","Yes","5000 per month/","","","","","","","","","No","","Within 1km","Bike"
"2019/10/22 5:16:25 pm GMT+5:30","Raghothama H R ","None","","","","Yes","7000 per month/","","","","","","No","","Within 2km","Bus"
"2019/10/22 5:21:05 pm GMT+5:30","sharanu soma","1","Yes","5000 per month/","","","","","","","","","No","","Within 3km","Bus"
"2019/10/22 5:29:27 pm GMT+5:30","Kirankumar","4-5","","","","","","","","","","1500 - 2500","No","","Within 3km","In bike with frds"
"2019/10/22 5:34:41 pm GMT+5:30","Godseye","2-3","","","","","","","YES","5000","","","Yes","Within 1km","","Metro"
"2019/10/22 5:37:52 pm GMT+5:30","Dhanush K","1","Yes","6000 per month/","","","","","","","","","Yes","Within 1km","","Car"
"2019/10/22 6:06:32 pm GMT+5:30","Nandan ","1","Yes","5000 per month/","","","","","","","","","Yes","Within 1km","","Bike"
"2019/10/22 6:10:56 pm GMT+5:30","Harshavardhan","2-3","","","","","","","YES","5000","","","No","","Within 3km","Bus"
"2019/10/22 6:23:01 pm GMT+5:30","Vinay benurkar","1","Yes","5000 per month/","","","","","","","","","No","","Within 1km","Metro"
"2019/10/22 6:39:15 pm GMT+5:30","Karthik","4-5","","","","","","","","","","1500 - 2500","No","","Within 1km","Bus"
"2019/10/22 6:44:05 pm GMT+5:30","Vaishnavi","None","","","","Yes","7000 per month/","","","","","","Yes","Within 1km","","Metro"
"2019/10/22 6:49:25 pm GMT+5:30","Adithya S","1","Yes","5000 per month/","","","","","","","","","No","","Within 1km","Metro"
"2019/10/22 7:05:53 pm GMT+5:30","Eshwar G S","None","","","","Yes","7000 per month/","","","","","","No","","Within 1km","Bus"
"2019/10/22 7:06:06 pm GMT+5:30","Sushanth","2-3","","","","","","","YES","5000","","","No","","Within 1km","Bus"
"2019/10/22 7:08:34 pm GMT+5:30","Preeth","2-3","","","","","","","YES","5000","","","Yes","Within 7km","","Bus"
"2019/10/22 7:09:34 pm GMT+5:30","Darshan","None","","","","Yes","7000 per month/","","","","","","Yes","Within 3km","","Rapido,vogo,ola"
"2019/10/22 7:29:57 pm GMT+5:30","Tejas Kumar M S","2-3","","","","","","","YES","5000","","","Yes","Within 3km","","Vehicle"
"2019/10/22 9:44:13 pm GMT+5:30","Rahul","2-3","","","","","","","YES","5000","","","Yes","Within 3km","","Bike"
"2019/10/22 11:52:24 pm GMT+5:30","Shriesha","None","","","","Yes","7000 per month/","","","","","","Yes","Within 1km","","Bus"
"2019/10/23 6:56:30 am GMT+5:30","Prashanth J","2-3","","","","","","","YES","5000","","","Yes","Within 5km","","Bus"
"2019/10/23 8:28:27 am GMT+5:30","Namratha N","None","","","","Yes","8000 per month/","","","","","","Yes","Within 5km","","Scooty"
"2019/10/23 5:57:09 pm GMT+5:30","Pranava B","1","Yes","5000 per month/","","","","","","","","","Yes","Within 1km","","Metro"
"2019/10/23 9:46:58 pm GMT+5:30","Abishek s s","1","Yes","5000 per month/","","","","","","","","","No","","Within 1km","Bike"
"2019/10/23 9:47:18 pm GMT+5:30","Udith","2-3","","","","","","","YES","5000","","","No","","Within 1km","Bus"
"2019/10/23 9:48:10 pm GMT+5:30","Nishath","1","Yes","5000 per month/","","","","","","","","","No","","Within 1km","Bike"
"2019/10/24 10:42:31 am GMT+5:30","Sandeep","None","","","","Yes","8000 per month/","","","","","","Yes","Within 3km","","Metro"
"2019/10/24 11:19:26 am GMT+5:30","Adeeth","1","No","","3000","","","","","","","","No","","Within 1km","Metro"
"2019/10/26 10:14:52 pm GMT+5:30","Aditi","1","Yes","5000 per month/","","","","","","","","","No","","Within 1km","Metro"
"2019/10/27 12:57:59 pm GMT+5:30","Suhas","None","","","","No","","4500","","","","","No","","Within 1km","Bus"
"2019/10/27 12:59:38 pm GMT+5:30","Abeer","1","No","","4500","","","","","","","","Yes","Within 5km","","Metro"
"2019/10/27 1:00:51 pm GMT+5:30","Ananya","None","","","","Yes","8000 per month/","","","","","","Yes","Within 3km","","Trin - Trin"
"2019/10/27 1:01:48 pm GMT+5:30","Drishti","2-3","","","","","","","NO","","3000","","No","","Within 2km","Trin - Trin"
"2019/10/27 1:02:45 pm GMT+5:30","Krishna","4-5","","","","","","","","","","2500 - 3000","No","","Within 1km","Bus"
"2019/10/27 1:02:46 pm GMT+5:30","anand wali","2-3","","","","","","","NO","","3500","","Yes","Within 3km","","Trin - Trin"
"2019/10/27 1:03:49 pm GMT+5:30","Anmol","2-3","","","","","","","YES","6000","","","Yes","Within 3km","","Bus"
"2019/10/27 1:04:04 pm GMT+5:30","vijay","4-5","","","","","","","","","","1500 - 2500","No","","Within 1km","Bus"
"2019/10/27 1:04:28 pm GMT+5:30","Navya","1","No","","4500","","","","","","","","No","","Within 1km","Metro"
"2019/10/27 1:04:36 pm GMT+5:30","vishant","None","","","","Yes","8000 per month/","","","","","","Yes","Within 5km","","Metro"
"2019/10/27 1:05:04 pm GMT+5:30","Sahana","1","Yes","5000 per month/","","","","","","","","","Yes","Within 3km","","Metro"
"2019/10/27 1:05:25 pm GMT+5:30","vijaylaxmi","2-3","","","","","","","YES","5000","","","No","","Within 2km","Bus"
"2019/10/27 1:05:48 pm GMT+5:30","Atharv","4-5","","","","","","","","","","1500 - 2500","Yes","Within 7km","","Bus"
"2019/10/27 1:06:12 pm GMT+5:30","mallikarjun","4-5","","","","","","","","","","2500 - 3000","No","","Within 3km","vogo"
"2019/10/27 1:06:18 pm GMT+5:30","Brijesh","1","Yes","5000 per month/","","","","","","","","","Yes","Within 7km","","Bus"
"2019/10/27 1:06:50 pm GMT+5:30","Tanvi","None","","","","Yes","8000 per month/","","","","","","Yes","Within 1km","","Metro"
"2019/10/27 1:06:54 pm GMT+5:30","sushant","2-3","","","","","","","NO","","3500","","Yes","Within 5km","","vogo"
"2019/10/27 1:07:49 pm GMT+5:30","Jay Singh","1","No","","4500","","","","","","","","No","","Within 3km","Bus"
"2019/10/27 1:07:51 pm GMT+5:30","rohita","None","","","","No","","4500","","","","","Yes","Within 1km","","Metro"
"2019/10/27 1:08:32 pm GMT+5:30","nitin","1","No","","3000","","","","","","","","Yes","Within 5km","","Bus"
"2019/10/27 1:08:35 pm GMT+5:30","Chaitanya","4-5","","","","","","","","","","2500 - 3000","No","","Within 2km","Metro"
"2019/10/27 1:09:19 pm GMT+5:30","viren","1","No","","4500","","","","","","","","No","","Within 1km","Trin - Trin"
"2019/10/27 1:09:24 pm GMT+5:30","Manoj","4-5","","","","","","","","","","2500 - 3000","Yes","Within 3km","","Bus"
"2019/10/27 1:09:59 pm GMT+5:30","rahul","2-3","","","","","","","YES","5000","","","No","","Within 2km","Bus"
"2019/10/27 1:10:06 pm GMT+5:30","Charan","2-3","","","","","","","NO","","3500","","Yes","Within 5km","","Metro"
"2019/10/27 1:10:31 pm GMT+5:30","archana","4-5","","","","","","","","","","2500 - 3000","No","","Within 1km","Metro"
"2019/10/27 1:10:47 pm GMT+5:30","Nayan","1","Yes","6000 per month/","","","","","","","","","Yes","Within 3km","","Bus"
"2019/10/27 1:11:08 pm GMT+5:30","Nikhil","4-5","","","","","","","","","","3000 - 4000","Yes","Within 3km","","Bus"
"2019/10/27 1:11:35 pm GMT+5:30","krishna","2-3","","","","","","","NO","","3000","","Yes","Within 5km","","vogo"
"2019/10/27 1:11:57 pm GMT+5:30","Rohan Ajay","2-3","","","","","","","YES","5000","","","No","","Within 3km","Metro"
"2019/10/27 1:12:18 pm GMT+5:30","praveen","None","","","","Yes","8000 per month/","","","","","","Yes","Within 7km","","Metro"
"2019/10/27 1:12:39 pm GMT+5:30","Ajay Meti","None","","","","Yes","7000 per month/","","","","","","Yes","Within 5km","","Ola/Uber Share"
"2019/10/27 1:13:05 pm GMT+5:30","bhargav","1","Yes","5000 per month/","","","","","","","","","Yes","Within 7km","","Trin - Trin"
"2019/10/27 1:13:25 pm GMT+5:30","Shrihari A","1","Yes","6000 per month/","","","","","","","","","No","","Within 2km","Bus"
"2019/10/27 1:14:01 pm GMT+5:30","usha","4-5","","","","","","","","","","3000 - 4000","No","","Within 1km","Bus"
"2019/10/27 1:14:22 pm GMT+5:30","Altaf","2-3","","","","","","","YES","6000","","","Yes","Within 3km","","Bus"
"2019/10/27 1:15:09 pm GMT+5:30","sudharshan","2-3","","","","","","","NO","","3000","","Yes","Within 5km","","Metro"
"2019/10/27 1:15:10 pm GMT+5:30","Tejas M","1","No","","3000","","","","","","","","No","","Within 3km","Bus"
"2019/10/27 1:15:54 pm GMT+5:30","vijay singh thakur","2-3","","","","","","","NO","","3500","","Yes","Within 7km","","Bus"
"2019/10/27 1:16:01 pm GMT+5:30","Ishaan Verma","None","","","","Yes","8000 per month/","","","","","","Yes","Within 5km","","Metro"
"2019/10/27 1:16:43 pm GMT+5:30","Sai Raksha","2-3","","","","","","","YES","6000","","","Yes","Within 1km","","Bus"
"2019/10/27 1:17:39 pm GMT+5:30","Mehak G","2-3","","","","","","","YES","6000","","","Yes","Within 3km","","Metro"
"2019/10/27 1:17:48 pm GMT+5:30","mohammad irfan","2-3","","","","","","","NO","","3500","","Yes","Within 7km","","vogo"
"2019/10/27 1:18:39 pm GMT+5:30","saqlain ali","None","","","","No","","5000","","","","","No","","Within 1km","Bus"
"2019/10/27 1:18:50 pm GMT+5:30","Drakshayani M","4-5","","","","","","","","","","2500 - 3000","No","","Within 2km","Bus"
"2019/10/27 1:19:24 pm GMT+5:30","Nandini P","4-5","","","","","","","","","","1500 - 2500","No","","Within 2km","Metro"
"2019/10/27 1:19:48 pm GMT+5:30","saud","2-3","","","","","","","NO","","3500","","Yes","Within 3km","","Bus"
"2019/10/27 1:20:02 pm GMT+5:30","Anagha Bhat","None","","","","Yes","8000 per month/","","","","","","Yes","Within 1km","","Trin - Trin"
"2019/10/27 1:20:26 pm GMT+5:30","sonakshi","None","","","","No","","5000","","","","","No","","Within 2km","Bus"
"2019/10/27 1:20:49 pm GMT+5:30","Prithvin Kumar","4-5","","","","","","","","","","2500 - 3000","Yes","Within 7km","","Metro"
"2019/10/27 1:21:17 pm GMT+5:30","guru mygeri","1","No","","3000","","","","","","","","No","","Within 2km","Trin - Trin"
"2019/10/27 1:21:54 pm GMT+5:30","shruthi mygeri","None","","","","No","","4500","","","","","No","","Within 2km","Bus"
"2019/10/27 1:21:58 pm GMT+5:30","Pranav Kumar","1","No","","3000","","","","","","","","No","","Within 2km","Bus"
"2019/10/27 1:22:48 pm GMT+5:30","Poojitha Rao","1","Yes","6000 per month/","","","","","","","","","Yes","Within 3km","","Metro"
"2019/10/27 1:23:28 pm GMT+5:30","Sathvik Kumar","1","No","","4500","","","","","","","","Yes","Within 7km","","Metro"
"2019/10/27 1:24:57 pm GMT+5:30","rajesh doddmani","None","","","","No","","4500","","","","","Yes","Within 3km","","Bus"
"2019/10/27 1:25:02 pm GMT+5:30","Dhruv P","None","","","","Yes","7000 per month/","","","","","","No","","Within 2km","Metro"
"2019/10/27 1:26:28 pm GMT+5:30","vinod benurkar","1","No","","4500","","","","","","","","No","","Within 1km","Metro"
"2019/10/27 1:27:32 pm GMT+5:30","sridhar gobbur","None","","","","Yes","8000 per month/","","","","","","Yes","Within 7km","","Metro"
"2019/10/27 1:27:51 pm GMT+5:30","Farhan","2-3","","","","","","","YES","6000","","","No","","Within 3km","Trin - Trin"
"2019/10/27 1:28:15 pm GMT+5:30","hemalatha sangvar","2-3","","","","","","","NO","","3000","","No","","Within 2km","Bus"
"2019/10/27 1:29:18 pm GMT+5:30","Gautam J","None","","","","No","","5000","","","","","Yes","Within 3km","","Trin - Trin"
"2019/10/27 1:29:26 pm GMT+5:30","spoorthi belli","None","","","","Yes","8000 per month/","","","","","","Yes","Within 5km","","Bus"
"2019/10/27 1:29:48 pm GMT+5:30","Girish P","4-5","","","","","","","","","","3000 - 4000","No","","Within 2km","Trin - Trin"
"2019/10/27 1:30:09 pm GMT+5:30","nandini mitra","2-3","","","","","","","YES","6000","","","Yes","Within 5km","","Metro"
"2019/10/27 1:30:18 pm GMT+5:30","Gaurav N","4-5","","","","","","","","","","2500 - 3000","Yes","Within 5km","","Trin - Trin"
"2019/10/27 1:30:48 pm GMT+5:30","Harshith","4-5","","","","","","","","","","2500 - 3000","No","","Within 1km","Bus"
"2019/10/27 1:30:53 pm GMT+5:30","roopa doddmani","2-3","","","","","","","NO","","3500","","Yes","Within 1km","","Bus"
"2019/10/27 1:31:20 pm GMT+5:30","Harish V","2-3","","","","","","","YES","6000","","","No","","Within 2km","Metro"
"2019/10/27 1:31:50 pm GMT+5:30","jyothi ","4-5","","","","","","","","","","3000 - 4000","No","","Within 1km","Metro"
"2019/10/27 1:32:05 pm GMT+5:30","Ishwar C","None","","","","Yes","8000 per month/","","","","","","No","","Within 3km","Metro"
"2019/10/27 1:32:40 pm GMT+5:30","Jagdeesh P","None","","","","No","","4500","","","","","Yes","Within 3km","","Bus"
"2019/10/27 1:32:45 pm GMT+5:30","sameena begum","1","Yes","5000 per month/","","","","","","","","","Yes","Within 1km","","Bus"
"2019/10/27 1:33:13 pm GMT+5:30","Jatin","1","Yes","6000 per month/","","","","","","","","","Yes","Within 7km","","Trin - Trin"
"2019/10/27 1:33:24 pm GMT+5:30","zoya ","2-3","","","","","","","NO","","3000","","No","","Within 2km","Bus"
"2019/10/27 1:34:05 pm GMT+5:30","Lakshman Belagali","4-5","","","","","","","","","","2500 - 3000","No","","Within 1km","Metro"
"2019/10/27 1:34:10 pm GMT+5:30","vinod patenge","2-3","","","","","","","YES","6000","","","Yes","Within 7km","","Bus"
"2019/10/27 1:34:38 pm GMT+5:30","Lohit D","2-3","","","","","","","YES","6000","","","Yes","Within 3km","","Trin - Trin"
"2019/10/27 1:34:44 pm GMT+5:30","rajeshwari ","None","","","","No","","4500","","","","","No","","Within 1km","Bus"
"2019/10/27 1:35:20 pm GMT+5:30","Madhav","4-5","","","","","","","","","","2500 - 3000","Yes","Within 5km","","Trin - Trin"
"2019/10/27 1:36:00 pm GMT+5:30","bhagya thakur","2-3","","","","","","","NO","","3000","","No","","Within 2km","Bus"
"2019/10/27 1:36:53 pm GMT+5:30","abhimanyu","2-3","","","","","","","NO","","3500","","No","","Within 1km","Bus"
"2019/10/27 1:37:17 pm GMT+5:30","Maanas V","None","","","","Yes","8000 per month/","","","","","","Yes","Within 5km","","Bus"
"2019/10/27 1:38:09 pm GMT+5:30","geetalaxmi","None","","","","No","","5000","","","","","Yes","Within 1km","","Bus"
"2019/10/27 1:38:18 pm GMT+5:30","Shiva M","1","No","","3000","","","","","","","","Yes","Within 5km","","Trin - Trin"
"2019/10/27 1:38:43 pm GMT+5:30","chandan ","2-3","","","","","","","NO","","3000","","Yes","Within 1km","","Trin - Trin"
"2019/10/27 1:38:56 pm GMT+5:30","Ojasvi","None","","","","Yes","8000 per month/","","","","","","Yes","Within 1km","","Trin - Trin"
"2019/10/27 1:39:33 pm GMT+5:30","charan raj ","2-3","","","","","","","YES","6000","","","Yes","Within 7km","","Trin - Trin"
"2019/10/27 1:39:41 pm GMT+5:30","Partha C","None","","","","No","","4500","","","","","Yes","Within 3km","","Metro"
"2019/10/27 1:40:18 pm GMT+5:30","raghav singh","2-3","","","","","","","YES","6000","","","No","","Within 1km","Trin - Trin"
"2019/10/27 1:40:31 pm GMT+5:30","Raghav V","2-3","","","","","","","YES","6000","","","Yes","Within 3km","","Trin - Trin"
"2019/10/27 1:41:11 pm GMT+5:30","Rishi K","None","","","","Yes","7000 per month/","","","","","","Yes","Within 5km","","Trin - Trin"
"2019/10/27 1:41:19 pm GMT+5:30","dharshan","None","","","","No","","4500","","","","","Yes","Within 5km","","Bus"
"2019/10/27 1:42:18 pm GMT+5:30","vishal ","1","No","","4500","","","","","","","","No","","Within 1km","Bus"
"2019/10/27 1:42:20 pm GMT+5:30","Siddharth ","2-3","","","","","","","YES","5000","","","No","","Within 2km","Trin - Trin"
"2019/10/27 1:43:07 pm GMT+5:30","deepak kumar","2-3","","","","","","","NO","","3000","","No","","Within 2km","Bus"
"2019/10/27 1:43:47 pm GMT+5:30","chiranjevi","1","No","","3000","","","","","","","","Yes","Within 3km","","vogo"
"2019/10/27 1:45:01 pm GMT+5:30","veeresh motgi","1","No","","4500","","","","","","","","Yes","Within 3km","","Bus"
"2019/10/27 1:46:44 pm GMT+5:30","advitiya","2-3","","","","","","","YES","5000","","","Yes","Within 1km","","Bus"
"2019/10/27 1:47:00 pm GMT+5:30","Tanmay Singh","1","Yes","6000 per month/","","","","","","","","","Yes","Within 3km","","Trin - Trin"
"2019/10/27 1:47:36 pm GMT+5:30","aditi munsunur","None","","","","No","","4500","","","","","No","","Within 2km","Bus"
"2019/10/27 1:48:00 pm GMT+5:30","akhilesh saradagi","2-3","","","","","","","NO","","3500","","Yes","Within 5km","","Bus"
"2019/10/27 1:48:45 pm GMT+5:30","rahul","2-3","","","","","","","NO","","3500","","Yes","Within 5km","","Trin - Trin"
"2019/10/27 1:48:49 pm GMT+5:30","Samarth B","2-3","","","","","","","NO","","3500","","No","","Within 2km","Trin - Trin"
"2019/10/27 1:49:11 pm GMT+5:30","avinash ","2-3","","","","","","","YES","5000","","","No","","Within 1km","Trin - Trin"
"2019/10/27 1:49:43 pm GMT+5:30","priya kulkarni","2-3","","","","","","","YES","6000","","","No","","Within 2km","Bus"
"2019/10/27 1:49:50 pm GMT+5:30","Tanveer Ahmed","2-3","","","","","","","NO","","3000","","No","","Within 2km","Bus"
"2019/10/27 1:50:20 pm GMT+5:30","pooja doddmani","2-3","","","","","","","NO","","3500","","No","","Within 2km","Bus"
"2019/10/27 1:50:22 pm GMT+5:30","amit","4-5","","","","","","","","","","3000 - 4000","No","","Within 2km","Bus"
"2019/10/27 1:50:30 pm GMT+5:30","Veer N","1","Yes","5000 per month/","","","","","","","","","No","","Within 2km","Trin - Trin"
"2019/10/27 1:51:27 pm GMT+5:30","priya","4-5","","","","","","","","","","2500 - 3000","Yes","Within 3km","","own vehicle"
"2019/10/27 1:52:09 pm GMT+5:30","sneha","None","","","","Yes","7000 per month/","","","","","","Yes","Within 3km","","own vehicle"
"2019/10/27 1:52:36 pm GMT+5:30","Namratha V","1","Yes","6000 per month/","","","","","","","","","Yes","Within 3km","","Trin - Trin"
"2019/10/27 1:53:11 pm GMT+5:30","varsha","4-5","","","","","","","","","","3000 - 4000","No","","Within 2km","Trin - Trin"
"2019/10/27 1:54:06 pm GMT+5:30","Shambu","2-3","","","","","","","NO","","3000","","Yes","Within 3km","","Metro"
"2019/10/27 1:54:10 pm GMT+5:30","prateek","None","","","","No","","4500","","","","","No","","Within 1km","by walk"
"2019/10/27 1:54:32 pm GMT+5:30","Yashpal","1","Yes","5000 per month/","","","","","","","","","Yes","Within 3km","","Trin - Trin"
"2019/10/27 1:54:42 pm GMT+5:30","ram raghav","2-3","","","","","","","YES","5000","","","Yes","Within 3km","","Bus"
"2019/10/27 1:55:50 pm GMT+5:30","raghav","4-5","","","","","","","","","","3000 - 4000","No","","Within 3km","Bus"
"2019/10/27 1:56:22 pm GMT+5:30","Veena Shree","2-3","","","","","","","YES","6000","","","Yes","Within 3km","","Trin - Trin"
"2019/10/27 1:56:31 pm GMT+5:30","prajaktha ","2-3","","","","","","","YES","5000","","","Yes","Within 1km","","Trin - Trin"
"2019/10/27 1:56:44 pm GMT+5:30","kunal","None","","","","Yes","7000 per month/","","","","","","Yes","Within 5km","","own vehicle"
"2019/10/27 1:57:31 pm GMT+5:30","ajith","1","Yes","6000 per month/","","","","","","","","","Yes","Within 7km","","own vehicle"
"2019/10/27 1:57:54 pm GMT+5:30","Prithvi","1","No","","4500","","","","","","","","Yes","Within 3km","","Trin - Trin"
"2019/10/27 1:58:04 pm GMT+5:30","pritam ","2-3","","","","","","","YES","6000","","","No","","Within 1km","Bus"
"2019/10/27 1:58:16 pm GMT+5:30","vikas","1","No","","4500","","","","","","","","No","","Within 2km","Bus"
"2019/10/27 1:59:03 pm GMT+5:30","Ayushi","2-3","","","","","","","NO","","3500","","No","","Within 2km","Metro"
"2019/10/27 1:59:36 pm GMT+5:30","Sindhu ","4-5","","","","","","","","","","1500 - 2500","Yes","Within 3km","","Bus"
"2019/10/27 1:59:39 pm GMT+5:30","Nitin","None","","","","No","","4500","","","","","No","","Within 1km","Trin - Trin"
"2019/10/27 2:00:45 pm GMT+5:30","Siddharth","4-5","","","","","","","","","","3000 - 4000","No","","Within 2km","Metro"
"2019/10/27 2:01:12 pm GMT+5:30","Selci S","2-3","","","","","","","YES","5000","","","Yes","Within 5km","","Bus"
"2019/10/27 2:01:42 pm GMT+5:30","Kruthika A","2-3","","","","","","","YES","6000","","","Yes","Within 5km","","Metro"
"2019/10/27 2:02:11 pm GMT+5:30","Sheetal Jadhav","None","","","","No","","4500","","","","","No","","Within 2km","Bus"
"2019/10/27 2:02:12 pm GMT+5:30","Mary","None","","","","Yes","7000 per month/","","","","","","No","","Within 2km","Metro"
"2019/10/27 2:03:52 pm GMT+5:30","Danish J","1","Yes","6000 per month/","","","","","","","","","Yes","Within 5km","","Bus"
"2019/10/27 2:03:53 pm GMT+5:30","swati","None","","","","No","","4500","","","","","No","","Within 3km","Metro"
"2019/10/27 2:03:55 pm GMT+5:30","manoj kumar","1","No","","3000","","","","","","","","No","","Within 2km","Bus"
"2019/10/27 2:05:11 pm GMT+5:30","Dhruva","1","No","","4500","","","","","","","","Yes","Within 5km","","own vehicle"
"2019/10/27 2:05:44 pm GMT+5:30","Bhupesh P","None","","","","Yes","7000 per month/","","","","","","No","","Within 3km","Trin - Trin"
"2019/10/27 2:05:50 pm GMT+5:30","mayur","4-5","","","","","","","","","","3000 - 4000","No","","Within 2km","Bus"
"2019/10/27 2:06:41 pm GMT+5:30","sujith","1","Yes","6000 per month/","","","","","","","","","Yes","Within 7km","","own vehicle"
"2019/10/27 2:06:45 pm GMT+5:30","Ben Sebastian","2-3","","","","","","","YES","6000","","","No","","Within 2km","Trin - Trin"
"2019/10/27 2:07:31 pm GMT+5:30","MOHIT","None","","","","Yes","7000 per month/","","","","","","No","","Within 2km","Trin - Trin"
"2019/10/27 2:08:49 pm GMT+5:30","Mike G","2-3","","","","","","","YES","6000","","","Yes","Within 5km","","Trin - Trin"
"2019/10/27 2:10:47 pm GMT+5:30","mahesh","4-5","","","","","","","","","","3000 - 4000","No","","Within 3km","Bus"
"2019/10/27 2:10:51 pm GMT+5:30","abhinav ","None","","","","Yes","8000 per month/","","","","","","Yes","Within 3km","","Trin - Trin"
"2019/10/27 2:11:29 pm GMT+5:30","shyam","4-5","","","","","","","","","","3000 - 4000","Yes","Within 7km","","own vehicle"
"2019/10/27 2:12:09 pm GMT+5:30","rakesh","None","","","","Yes","7000 per month/","","","","","","Yes","Within 7km","","own vehicle"
"2019/10/27 2:12:36 pm GMT+5:30","varsha","4-5","","","","","","","","","","3000 - 4000","No","","Within 3km","Metro"
"2019/10/27 2:13:14 pm GMT+5:30","vinay","1","Yes","6000 per month/","","","","","","","","","Yes","Within 5km","","own vehicle"
"2019/10/27 2:13:48 pm GMT+5:30","naveen","None","","","","No","","4500","","","","","No","","Within 1km","by walk"
"2019/10/27 2:14:22 pm GMT+5:30","rohan","2-3","","","","","","","YES","5000","","","No","","Within 2km","Bus"
"2019/10/27 2:15:03 pm GMT+5:30","rishabh","2-3","","","","","","","NO","","3000","","Yes","Within 5km","","vehicle"
"2019/10/27 2:15:41 pm GMT+5:30","vishal","1","No","","3000","","","","","","","","No","","Within 1km","Trin - Trin"
"2019/10/27 2:16:20 pm GMT+5:30","arun","None","","","","Yes","7000 per month/","","","","","","Yes","Within 7km","","vehicle"
"2019/10/27 2:17:02 pm GMT+5:30","harish","1","No","","4500","","","","","","","","No","","Within 2km","Bus"
"2019/10/27 2:17:29 pm GMT+5:30","kavya","4-5","","","","","","","","","","3000 - 4000","No","","Within 2km","Metro"
"2019/10/27 2:18:03 pm GMT+5:30","vidhya","1","Yes","5000 per month/","","","","","","","","","Yes","Within 7km","","vehicle"
"2019/10/27 2:18:32 pm GMT+5:30","pawan","None","","","","Yes","8000 per month/","","","","","","No","","Within 1km","Trin - Trin"
"2019/10/27 2:19:06 pm GMT+5:30","rashi","2-3","","","","","","","YES","5000","","","No","","Within 3km","Bus"
"2019/10/27 2:19:42 pm GMT+5:30","sampada","None","","","","Yes","8000 per month/","","","","","","Yes","Within 1km","","vehicle"
"2019/10/27 2:20:25 pm GMT+5:30","dinesh ","4-5","","","","","","","","","","2500 - 3000","No","","Within 3km","Metro"
"2019/10/27 2:21:00 pm GMT+5:30","deepak","2-3","","","","","","","NO","","3500","","No","","Within 2km","Trin - Trin"
"2019/10/27 2:21:37 pm GMT+5:30","girish","None","","","","Yes","8000 per month/","","","","","","No","","Within 3km","Metro"
"2019/10/27 2:22:43 pm GMT+5:30","akshay kumar","1","No","","4500","","","","","","","","Yes","Within 1km","","walk"
"2019/10/27 2:23:26 pm GMT+5:30","sunil","2-3","","","","","","","NO","","3000","","Yes","Within 3km","","Trin - Trin"
"2019/10/27 2:23:31 pm GMT+5:30","harsha","1","Yes","6000 per month/","","","","","","","","","Yes","Within 3km","","Bus"
"2019/10/27 2:24:09 pm GMT+5:30","pranav","1","Yes","5000 per month/","","","","","","","","","No","","Within 1km","Trin - Trin"
"2019/10/27 2:24:37 pm GMT+5:30","ashwin","4-5","","","","","","","","","","3000 - 4000","No","","Within 1km","Bus"
"2019/10/27 2:25:14 pm GMT+5:30","sarvesh","4-5","","","","","","","","","","2500 - 3000","No","","Within 2km","Metro"
"2019/10/27 2:25:54 pm GMT+5:30","abhinav","1","Yes","5000 per month/","","","","","","","","","Yes","Within 3km","","Metro"
"2019/10/27 2:26:33 pm GMT+5:30","vikas","2-3","","","","","","","YES","6000","","","No","","Within 3km","Metro"
"2019/10/27 2:27:15 pm GMT+5:30","nishanth","1","Yes","6000 per month/","","","","","","","","","Yes","Within 3km","","vehicle"
"2019/10/27 2:27:57 pm GMT+5:30","rohan","2-3","","","","","","","YES","5000","","","No","","Within 1km","Metro"
"2019/10/27 2:34:37 pm GMT+5:30","shreyas","None","","","","No","","4500","","","","","Yes","Within 7km","","Metro"
"2019/10/27 2:35:26 pm GMT+5:30","nakul","1","Yes","5000 per month/","","","","","","","","","No","","Within 1km","Bus"
"2019/10/27 2:36:03 pm GMT+5:30","vivek ","4-5","","","","","","","","","","3000 - 4000","Yes","Within 5km","","rental bikes"
"2019/10/27 2:37:17 pm GMT+5:30","Aahana","None","","","","Yes","7000 per month/","","","","","","No","","Within 1km","Bus"
"2019/10/27 2:37:25 pm GMT+5:30","niranjan","2-3","","","","","","","YES","6000","","","Yes","Within 3km","","Bus"
"2019/10/27 2:37:54 pm GMT+5:30","Sharvari","1","No","","4500","","","","","","","","No","","Within 2km","Metro"
"2019/10/27 2:38:09 pm GMT+5:30","manoj","1","Yes","5000 per month/","","","","","","","","","Yes","Within 5km","","Trin - Trin"
"2019/10/27 2:39:00 pm GMT+5:30","Heena","None","","","","No","","4500","","","","","No","","Within 1km","Bus"
"2019/10/27 2:39:35 pm GMT+5:30","Samarth","2-3","","","","","","","YES","5000","","","Yes","Within 3km","","Bus"
"2019/10/27 2:40:23 pm GMT+5:30","Lekhan","1","No","","3000","","","","","","","","Yes","Within 1km","","Bus"
"2019/10/27 2:41:36 pm GMT+5:30","Prabhakar","1","Yes","5000 per month/","","","","","","","","","Yes","Within 1km","","Bus"
"2019/10/27 2:42:27 pm GMT+5:30","Ganesh Gaitonde","None","","","","No","","5000","","","","","Yes","Within 3km","","Vogo"
"2019/10/27 2:43:06 pm GMT+5:30","Shravani","1","Yes","5000 per month/","","","","","","","","","No","","Within 1km","Bus"
"2019/10/27 2:43:49 pm GMT+5:30","Sanath","2-3","","","","","","","NO","","3000","","No","","Within 1km","Bus"
"2019/10/27 2:44:31 pm GMT+5:30","Subramanya","1","Yes","5000 per month/","","","","","","","","","No","","Within 1km","Bus"
"2019/10/27 2:45:19 pm GMT+5:30","Sudeep K","1","Yes","5000 per month/","","","","","","","","","Yes","Within 3km","","Bus"
"2019/10/27 2:45:54 pm GMT+5:30","Raviraj","1","Yes","5000 per month/","","","","","","","","","No","","Within 1km","Bus"
"2019/10/27 2:46:42 pm GMT+5:30","Srikanth","2-3","","","","","","","YES","5000","","","Yes","Within 1km","","Bus"
"2019/10/27 2:47:22 pm GMT+5:30","Arya S","1","No","","3000","","","","","","","","Yes","Within 1km","","Bus"
"2019/10/27 2:48:04 pm GMT+5:30","Dany","None","","","","Yes","7000 per month/","","","","","","No","","Within 1km","Bus"
"2019/10/27 2:48:59 pm GMT+5:30","John S","2-3","","","","","","","YES","5000","","","Yes","Within 1km","","Bus"
"2019/10/27 2:49:52 pm GMT+5:30","kishan K","2-3","","","","","","","NO","","3000","","Yes","Within 1km","","Bus"